-- phpMyAdmin SQL Dump
-- version 5.2.1
-- https://www.phpmyadmin.net/
--
-- Host: 127.0.0.1
-- Generation Time: Jun 19, 2026 at 08:25 AM
-- Server version: 10.4.32-MariaDB
-- PHP Version: 8.1.25

SET SQL_MODE = "NO_AUTO_VALUE_ON_ZERO";
START TRANSACTION;
SET time_zone = "+00:00";


/*!40101 SET @OLD_CHARACTER_SET_CLIENT=@@CHARACTER_SET_CLIENT */;
/*!40101 SET @OLD_CHARACTER_SET_RESULTS=@@CHARACTER_SET_RESULTS */;
/*!40101 SET @OLD_COLLATION_CONNECTION=@@COLLATION_CONNECTION */;
/*!40101 SET NAMES utf8mb4 */;

--
-- Database: `trading_flatform_db`
--

-- --------------------------------------------------------

--
-- Table structure for table `coin`
--

CREATE TABLE `coin` (
  `id` int(11) NOT NULL,
  `symbol` varchar(191) NOT NULL,
  `name` varchar(191) NOT NULL,
  `createdAt` datetime(3) NOT NULL DEFAULT current_timestamp(3),
  `updatedAt` datetime(3) NOT NULL,
  `binancePair` varchar(191) DEFAULT NULL,
  `coingeckoId` varchar(191) DEFAULT NULL,
  `marketCap` decimal(24,2) NOT NULL DEFAULT 0.00
) ENGINE=InnoDB DEFAULT CHARSET=utf8mb4 COLLATE=utf8mb4_unicode_ci;

--
-- Dumping data for table `coin`
--

INSERT INTO `coin` (`id`, `symbol`, `name`, `createdAt`, `updatedAt`, `binancePair`, `coingeckoId`, `marketCap`) VALUES
(1, 'BTC', 'Bitcoin', '2026-06-06 07:48:36.637', '2026-06-06 08:45:56.679', 'BTCUSDT', 'bitcoin', 1228405045605.00),
(2, 'ETH', 'Ethereum', '2026-06-06 07:48:36.637', '2026-06-06 08:45:56.680', 'ETHUSDT', 'ethereum', 191184675836.00),
(3, 'BNB', 'BNB', '2026-06-06 07:48:36.637', '2026-06-06 08:45:56.679', 'BNBUSDT', 'binancecoin', 78257379654.00),
(4, 'USDC', 'USDC', '2026-06-06 07:48:36.637', '2026-06-06 08:45:56.689', 'USDCUSDT', 'usd-coin', 75554149455.00),
(5, 'XRP', 'XRP', '2026-06-06 07:48:36.637', '2026-06-06 08:45:56.688', 'XRPUSDT', 'ripple', 68120065619.00),
(6, 'SOL', 'Solana', '2026-06-06 07:48:36.637', '2026-06-06 08:45:56.688', 'SOLUSDT', 'solana', 36545364499.00),
(7, 'TRX', 'TRON', '2026-06-06 07:48:36.637', '2026-06-06 08:45:56.689', 'TRXUSDT', 'tron', 30318457084.00),
(8, 'DOGE', 'Dogecoin', '2026-06-06 07:48:36.637', '2026-06-06 08:45:56.680', 'DOGEUSDT', 'dogecoin', 12665113034.00),
(9, 'USDS', 'USDS', '2026-06-06 07:48:36.637', '2026-06-06 08:45:56.689', 'USDSUSDT', 'usds', 10828904096.00),
(10, 'XLM', 'Stellar', '2026-06-06 07:48:36.637', '2026-06-06 08:45:56.689', 'XLMUSDT', 'stellar', 6827560585.00),
(11, 'ZEC', 'Zcash', '2026-06-06 07:48:36.637', '2026-06-06 08:45:56.690', 'ZECUSDT', 'zcash', 6248017557.00),
(12, 'ADA', 'Cardano', '2026-06-06 07:48:36.637', '2026-06-06 08:45:56.679', 'ADAUSDT', 'cardano', 5896273582.00),
(13, 'LINK', 'Chainlink', '2026-06-06 07:48:36.637', '2026-06-06 08:45:56.680', 'LINKUSDT', 'chainlink', 5397239865.00),
(14, 'USD1', 'USD1', '2026-06-06 07:48:36.637', '2026-06-06 08:45:56.689', 'USD1USDT', 'usd1-wlfi', 4622546864.00),
(15, 'BCH', 'Bitcoin Cash', '2026-06-06 07:48:36.637', '2026-06-06 08:45:56.679', 'BCHUSDT', 'bitcoin-cash', 4504557710.00),
(16, 'USDE', 'Ethena USDe', '2026-06-06 07:48:36.637', '2026-06-06 08:45:56.680', 'USDEUSDT', 'ethena-usde', 4500220206.00),
(17, 'TON', 'Toncoin', '2026-06-06 07:48:36.637', '2026-06-06 08:45:56.689', 'TONUSDT', 'the-open-network', 4197022752.00),
(18, 'HBAR', 'Hedera', '2026-06-06 07:48:36.637', '2026-06-06 08:45:56.681', 'HBARUSDT', 'hedera-hashgraph', 3439810073.00),
(19, 'LTC', 'Litecoin', '2026-06-06 07:48:36.637', '2026-06-06 08:45:56.682', 'LTCUSDT', 'litecoin', 3339402904.00),
(20, 'AVAX', 'Avalanche', '2026-06-06 07:48:36.637', '2026-06-06 08:45:56.678', 'AVAXUSDT', 'avalanche-2', 2902556799.00),
(21, 'SUI', 'Sui', '2026-06-06 07:48:36.637', '2026-06-06 08:45:56.689', 'SUIUSDT', 'sui', 2854494778.00),
(22, 'SHIB', 'Shiba Inu', '2026-06-06 07:48:36.637', '2026-06-06 08:45:56.688', 'SHIBUSDT', 'shiba-inu', 2661779831.00),
(23, 'XAUT', 'Tether Gold', '2026-06-06 07:48:36.637', '2026-06-06 08:45:56.689', 'XAUTUSDT', 'tether-gold', 2629279826.00),
(24, 'NEAR', 'NEAR Protocol', '2026-06-06 07:48:36.637', '2026-06-06 08:45:56.682', 'NEARUSDT', 'near', 2506278491.00),
(25, 'PAXG', 'PAX Gold', '2026-06-06 07:48:36.637', '2026-06-06 08:45:56.683', 'PAXGUSDT', 'pax-gold', 1983329397.00),
(26, 'TAO', 'Bittensor', '2026-06-06 07:48:36.637', '2026-06-06 08:45:56.679', 'TAOUSDT', 'bittensor', 1883908625.00),
(27, 'WLFI', 'World Liberty Financial', '2026-06-06 07:48:36.637', '2026-06-06 08:45:56.689', 'WLFIUSDT', 'world-liberty-financial', 1773316314.00),
(28, 'RLUSD', 'Ripple USD', '2026-06-06 07:48:36.637', '2026-06-06 08:45:56.688', 'RLUSDUSDT', 'ripple-usd', 1685721082.00),
(29, 'ONDO', 'Ondo', '2026-06-06 07:48:36.637', '2026-06-06 08:45:56.682', 'ONDOUSDT', 'ondo-finance', 1622909664.00),
(30, 'DOT', 'Polkadot', '2026-06-06 07:48:36.637', '2026-06-06 08:45:56.683', 'DOTUSDT', 'polkadot', 1603551907.00),
(31, 'ASTER', 'Aster', '2026-06-06 07:48:36.637', '2026-06-06 08:45:56.678', 'ASTERUSDT', 'aster-2', 1578514447.00),
(32, 'WLD', 'Worldcoin', '2026-06-06 07:48:36.637', '2026-06-06 08:45:56.690', 'WLDUSDT', 'worldcoin-wld', 1441847942.00),
(33, 'UNI', 'Uniswap', '2026-06-06 07:48:36.637', '2026-06-06 08:45:56.689', 'UNIUSDT', 'uniswap', 1526315638.00),
(34, 'SKY', 'Sky', '2026-06-06 07:48:36.637', '2026-06-06 08:45:56.688', 'SKYUSDT', 'sky', 1367709164.00),
(35, 'BFUSD', 'BFUSD', '2026-06-06 07:48:36.637', '2026-06-06 08:45:56.679', 'BFUSDUSDT', 'bfusd', 1318284554.00),
(36, 'ICP', 'Internet Computer', '2026-06-06 07:48:36.637', '2026-06-06 08:45:56.681', 'ICPUSDT', 'internet-computer', 1288253730.00),
(37, 'PEPE', 'Pepe', '2026-06-06 07:48:36.637', '2026-06-06 08:45:56.683', 'PEPEUSDT', 'pepe', 1137662598.00),
(38, 'MORPHO', 'Morpho', '2026-06-06 07:48:36.637', '2026-06-06 08:45:56.682', 'MORPHOUSDT', 'morpho', 1076104169.00),
(39, 'ETC', 'Ethereum Classic', '2026-06-06 07:48:36.637', '2026-06-06 08:45:56.681', 'ETCUSDT', 'ethereum-classic', 1068357267.00),
(40, 'U', 'United Stables', '2026-06-06 07:48:36.637', '2026-06-06 08:45:56.689', 'UUSDT', 'united-stables', 999766444.00),
(41, 'QNT', 'Quant', '2026-06-06 07:48:36.637', '2026-06-06 08:45:56.683', 'QNTUSDT', 'quant-network', 934973448.00),
(42, 'AAVE', 'Aave', '2026-06-06 07:48:36.637', '2026-06-06 08:45:56.678', 'AAVEUSDT', 'aave', 940554206.00),
(43, 'DEXE', 'DeXe', '2026-06-06 07:48:36.637', '2026-06-06 08:45:56.680', 'DEXEUSDT', 'dexe', 920499664.00),
(44, 'ENA', 'Ethena', '2026-06-06 07:48:36.637', '2026-06-06 08:45:56.680', 'ENAUSDT', 'ethena', 872915258.00),
(45, 'RENDER', 'Render', '2026-06-06 07:48:36.637', '2026-06-06 08:45:56.688', 'RENDERUSDT', 'render-token', 855387758.00),
(46, 'ATOM', 'Cosmos Hub', '2026-06-06 07:48:36.637', '2026-06-06 08:45:56.680', 'ATOMUSDT', 'cosmos', 835667949.00),
(47, 'ALGO', 'Algorand', '2026-06-06 07:48:36.637', '2026-06-06 08:45:56.678', 'ALGOUSDT', 'algorand', 831711360.00),
(48, 'POL', 'POL (ex-MATIC)', '2026-06-06 07:48:36.637', '2026-06-06 08:45:56.683', 'POLUSDT', 'polygon-ecosystem-token', 811897107.00),
(49, 'NEXO', 'NEXO', '2026-06-06 07:48:36.637', '2026-06-06 08:45:56.682', 'NEXOUSDT', 'nexo', 744840822.00),
(50, 'JST', 'JUST', '2026-06-06 07:48:36.637', '2026-06-06 08:45:56.681', 'JSTUSDT', 'just', 700673333.00),
(51, '币安人生', '币安人生 (BinanceLife)', '2026-06-06 07:48:36.637', '2026-06-06 08:45:56.679', '币安人生USDT', 'bianrensheng', 690115288.00),
(52, 'FIL', 'Filecoin', '2026-06-06 07:48:36.637', '2026-06-06 08:45:56.681', 'FILUSDT', 'filecoin', 577839441.00),
(53, 'APT', 'Aptos', '2026-06-06 07:48:36.637', '2026-06-06 08:45:56.678', 'APTUSDT', 'aptos', 542419216.00),
(54, 'NIGHT', 'Midnight', '2026-06-06 07:48:36.637', '2026-06-06 08:45:56.682', 'NIGHTUSDT', 'midnight-3', 525029513.00),
(55, 'INJ', 'Injective', '2026-06-06 07:48:36.637', '2026-06-06 08:45:56.681', 'INJUSDT', 'injective-protocol', 528728550.00),
(56, 'JUP', 'Jupiter', '2026-06-06 07:48:36.637', '2026-06-06 08:45:56.681', 'JUPUSDT', 'jupiter-exchange-solana', 522684336.00);

-- --------------------------------------------------------

--
-- Table structure for table `coinmarketdata`
--

CREATE TABLE `coinmarketdata` (
  `id` int(11) NOT NULL,
  `coinId` int(11) NOT NULL,
  `snapshotDate` date NOT NULL,
  `priceUsd` decimal(18,8) NOT NULL,
  `marketCap` decimal(24,2) NOT NULL,
  `volume24h` decimal(24,2) NOT NULL,
  `createdAt` datetime(3) NOT NULL DEFAULT current_timestamp(3)
) ENGINE=InnoDB DEFAULT CHARSET=utf8mb4 COLLATE=utf8mb4_unicode_ci;

--
-- Dumping data for table `coinmarketdata`
--

INSERT INTO `coinmarketdata` (`id`, `coinId`, `snapshotDate`, `priceUsd`, `marketCap`, `volume24h`, `createdAt`) VALUES
(1, 42, '2026-06-05', 61.47000000, 932714831.00, 28395671.57, '2026-06-06 14:49:15.827'),
(2, 35, '2026-06-05', 0.99990000, 1318810798.00, 6516649.84, '2026-06-06 14:49:15.827'),
(3, 15, '2026-06-05', 223.40000000, 4512971950.00, 23302352.84, '2026-06-06 14:49:15.827'),
(4, 12, '2026-06-05', 0.15780000, 5864347733.00, 75183941.60, '2026-06-06 14:49:15.827'),
(5, 47, '2026-06-05', 0.09280000, 824903872.00, 5424806.13, '2026-06-06 14:49:15.827'),
(6, 31, '2026-06-05', 0.61000000, 1568096303.00, 40404564.82, '2026-06-06 14:49:15.827'),
(7, 39, '2026-06-05', 6.79000000, 1063357335.00, 4098878.97, '2026-06-06 14:49:15.827'),
(8, 46, '2026-06-05', 1.62700000, 834716852.00, 3734921.55, '2026-06-06 14:49:15.827'),
(9, 44, '2026-06-05', 0.09200000, 853414556.00, 56264802.54, '2026-06-06 14:49:15.827'),
(10, 30, '2026-06-05', 0.94500000, 1591415962.00, 14213893.14, '2026-06-06 14:49:15.827'),
(11, 20, '2026-06-05', 6.69900000, 2889987109.00, 39687844.08, '2026-06-06 14:49:15.827'),
(12, 3, '2026-06-05', 579.99000000, 78198940130.00, 290640809.02, '2026-06-06 14:49:15.827'),
(13, 13, '2026-06-05', 7.39500000, 5370282854.00, 55550516.73, '2026-06-06 14:49:15.827'),
(14, 43, '2026-06-05', 19.49200000, 906700566.00, 3629168.24, '2026-06-06 14:49:15.827'),
(15, 18, '2026-06-05', 0.07949000, 3444080868.00, 19547736.64, '2026-06-06 14:49:15.827'),
(16, 8, '2026-06-05', 0.08157000, 12609457306.00, 150634136.71, '2026-06-06 14:49:15.827'),
(17, 53, '2026-06-05', 0.65700000, 538777578.00, 13002462.89, '2026-06-06 14:49:15.827'),
(18, 36, '2026-06-05', 2.28900000, 1265157827.00, 16909139.66, '2026-06-06 14:49:15.827'),
(19, 19, '2026-06-05', 42.89000000, 3306122053.00, 26424775.42, '2026-06-06 14:49:15.827'),
(20, 56, '2026-06-05', 0.15570000, 516908227.00, 2319808.38, '2026-06-06 14:49:15.827'),
(21, 2, '2026-06-05', 1575.73000000, 190100338775.00, 1779105504.85, '2026-06-06 14:49:15.827'),
(22, 38, '2026-06-05', 1.65700000, 1067473281.00, 1728601.10, '2026-06-06 14:49:15.827'),
(23, 55, '2026-06-05', 5.24600000, 517232315.00, 18827952.29, '2026-06-06 14:49:15.827'),
(24, 50, '2026-06-05', 0.08332000, 712044625.00, 10425702.31, '2026-06-06 14:49:15.827'),
(25, 37, '2026-06-05', 0.00000268, 1129005753.00, 40617951.67, '2026-06-06 14:49:15.827'),
(26, 52, '2026-06-05', 0.72200000, 569725997.00, 23879691.95, '2026-06-06 14:49:15.827'),
(27, 1, '2026-06-05', 61029.75000000, 1222601782554.00, 3073382504.53, '2026-06-06 14:49:15.827'),
(28, 29, '2026-06-05', 0.33230000, 1615924319.00, 30749723.78, '2026-06-06 14:49:15.827'),
(29, 49, '2026-06-05', 0.73900000, 735173081.00, 1174836.38, '2026-06-06 14:49:15.827'),
(30, 6, '2026-06-05', 62.86000000, 36406727822.00, 399953337.87, '2026-06-06 14:49:15.827'),
(31, 54, '2026-06-05', 0.03121000, 519823378.00, 4087297.08, '2026-06-06 14:49:15.827'),
(32, 22, '2026-06-05', 0.00000449, 2640135007.00, 7484579.83, '2026-06-06 14:49:15.827'),
(33, 24, '2026-06-05', 1.94600000, 2528103366.00, 138675274.62, '2026-06-06 14:49:15.827'),
(34, 25, '2026-06-05', 4307.57000000, 1984876148.00, 26935233.52, '2026-06-06 14:49:15.827'),
(35, 21, '2026-06-05', 0.70410000, 2838717142.00, 82093652.59, '2026-06-06 14:49:15.827'),
(36, 48, '2026-06-05', 0.07623000, 813342426.00, 8707890.84, '2026-06-06 14:49:15.827'),
(37, 28, '2026-06-05', 1.00040000, 1685518360.00, 110716300.74, '2026-06-06 14:49:15.827'),
(38, 26, '2026-06-05', 194.60000000, 1869863568.00, 41660002.87, '2026-06-06 14:49:15.827'),
(39, 41, '2026-06-05', 64.90000000, 944849639.00, 2958527.08, '2026-06-06 14:49:15.827'),
(40, 7, '2026-06-05', 0.32120000, 30452100144.00, 86818138.81, '2026-06-06 14:49:15.827'),
(41, 33, '2026-06-05', 2.44500000, 1520715353.00, 15047519.85, '2026-06-06 14:49:15.827'),
(42, 32, '2026-06-05', 0.44720000, 1521378979.00, 200544318.80, '2026-06-06 14:49:15.827'),
(43, 14, '2026-06-05', 0.99974000, 4622424253.00, 230240142.15, '2026-06-06 14:49:15.827'),
(44, 4, '2026-06-05', 1.00020000, 75529864371.00, 2317385282.43, '2026-06-06 14:49:15.827'),
(45, 9, '2026-06-05', 1.00000000, 10822512725.00, 972558.05, '2026-06-06 14:49:15.827'),
(46, 45, '2026-06-05', 1.64500000, 851111280.00, 15134665.58, '2026-06-06 14:49:15.827'),
(47, 40, '2026-06-05', 1.00040000, 999765746.00, 35825636.39, '2026-06-06 14:49:15.827'),
(48, 34, '2026-06-05', 0.05870000, 1363161167.00, 2221261.70, '2026-06-06 14:49:15.827'),
(49, 27, '2026-06-05', 0.05590000, 1775950925.00, 10513461.72, '2026-06-06 14:49:15.827'),
(50, 23, '2026-06-05', 4293.00000000, 2629838760.00, 22360639.94, '2026-06-06 14:49:15.827'),
(51, 17, '2026-06-05', 1.52500000, 4083413312.00, 31848247.91, '2026-06-06 14:49:15.827'),
(52, 16, '2026-06-05', 0.99990000, 4500113257.00, 8055235.29, '2026-06-06 14:49:15.827'),
(53, 10, '2026-06-05', 0.19990000, 6721692115.00, 116813073.02, '2026-06-06 14:49:15.827'),
(54, 5, '2026-06-05', 1.09410000, 67967807141.00, 288844648.04, '2026-06-06 14:49:15.827'),
(55, 51, '2026-06-05', 0.69660000, 692647332.00, 29423427.16, '2026-06-06 14:49:15.827'),
(56, 11, '2026-06-05', 383.88000000, 6433731114.00, 662001424.40, '2026-06-06 14:49:15.827'),
(1121, 35, '2026-06-14', 0.99940000, 1318284554.00, 319712.39, '2026-06-15 14:50:45.440'),
(1122, 46, '2026-06-14', 1.96600000, 835667949.00, 2918193.56, '2026-06-15 14:50:45.440'),
(1123, 3, '2026-06-14', 616.19000000, 78257379654.00, 83302723.39, '2026-06-15 14:50:45.440'),
(1124, 31, '2026-06-14', 0.63200000, 1578514447.00, 7105250.81, '2026-06-15 14:50:45.440'),
(1125, 12, '2026-06-14', 0.18070000, 5896273582.00, 36392837.78, '2026-06-15 14:50:45.440'),
(1126, 2, '2026-06-14', 1719.12000000, 191184675836.00, 394317676.32, '2026-06-15 14:50:45.440'),
(1127, 20, '2026-06-14', 6.77000000, 2902556799.00, 14512874.22, '2026-06-15 14:50:45.440'),
(1128, 15, '2026-06-14', 212.60000000, 4504557710.00, 9457638.94, '2026-06-15 14:50:45.440'),
(1129, 39, '2026-06-14', 7.26000000, 1068357267.00, 1694354.00, '2026-06-15 14:50:45.440'),
(1130, 43, '2026-06-14', 19.62900000, 920499664.00, 4956837.01, '2026-06-15 14:50:45.440'),
(1131, 53, '2026-06-14', 0.68300000, 542419216.00, 3824415.05, '2026-06-15 14:50:45.440'),
(1132, 42, '2026-06-14', 70.24000000, 940554206.00, 6818645.80, '2026-06-15 14:50:45.440'),
(1133, 8, '2026-06-14', 0.08860000, 12665113034.00, 49728051.81, '2026-06-15 14:50:45.440'),
(1134, 47, '2026-06-14', 0.09340000, 831711360.00, 2861632.56, '2026-06-15 14:50:45.440'),
(1135, 44, '2026-06-14', 0.08550000, 872915258.00, 17605058.42, '2026-06-15 14:50:45.440'),
(1136, 1, '2026-06-14', 65767.46000000, 1228405045605.00, 961404018.38, '2026-06-15 14:50:45.440'),
(1137, 19, '2026-06-14', 45.16000000, 3339402904.00, 11318441.02, '2026-06-15 14:50:45.440'),
(1138, 13, '2026-06-14', 8.19900000, 5397239865.00, 12098357.17, '2026-06-15 14:50:45.440'),
(1139, 29, '2026-06-14', 0.37770000, 1622909664.00, 16891085.79, '2026-06-15 14:50:45.440'),
(1140, 24, '2026-06-14', 2.38800000, 2506278491.00, 51481188.18, '2026-06-15 14:50:45.440'),
(1141, 54, '2026-06-14', 0.03299000, 525029513.00, 37671464.05, '2026-06-15 14:50:45.440'),
(1142, 37, '2026-06-14', 0.00000290, 1137662598.00, 17456690.37, '2026-06-15 14:50:45.440'),
(1143, 49, '2026-06-14', 0.81200000, 744840822.00, 276490.08, '2026-06-15 14:50:45.440'),
(1144, 21, '2026-06-14', 0.79600000, 2854494778.00, 28558074.30, '2026-06-15 14:50:45.440'),
(1145, 56, '2026-06-14', 0.18710000, 522684336.00, 2336185.58, '2026-06-15 14:50:45.440'),
(1146, 45, '2026-06-14', 1.83200000, 855387758.00, 6057896.86, '2026-06-15 14:50:45.440'),
(1147, 48, '2026-06-14', 0.07704000, 811897107.00, 2120055.28, '2026-06-15 14:50:45.440'),
(1148, 25, '2026-06-14', 4313.34000000, 1983329397.00, 16455965.72, '2026-06-15 14:50:45.440'),
(1149, 28, '2026-06-14', 1.00070000, 1685721082.00, 19066648.41, '2026-06-15 14:50:45.440'),
(1150, 36, '2026-06-14', 2.51900000, 1288253730.00, 11923083.49, '2026-06-15 14:50:45.440'),
(1151, 41, '2026-06-14', 69.13000000, 934973448.00, 616282.15, '2026-06-15 14:50:45.440'),
(1152, 6, '2026-06-14', 71.40000000, 36545364499.00, 136456128.21, '2026-06-15 14:50:45.440'),
(1153, 50, '2026-06-14', 0.07776000, 700673333.00, 3821052.59, '2026-06-15 14:50:45.440'),
(1154, 38, '2026-06-14', 1.99300000, 1076104169.00, 1270323.53, '2026-06-15 14:50:45.440'),
(1155, 22, '2026-06-14', 0.00000502, 2661779831.00, 5033614.76, '2026-06-15 14:50:45.440'),
(1156, 7, '2026-06-14', 0.32010000, 30318457084.00, 31291611.28, '2026-06-15 14:50:45.440'),
(1157, 17, '2026-06-14', 1.81600000, 4197022752.00, 19226204.19, '2026-06-15 14:50:45.440'),
(1158, 26, '2026-06-14', 280.70000000, 1883908625.00, 64975236.28, '2026-06-15 14:50:45.440'),
(1159, 55, '2026-06-14', 5.25700000, 528728550.00, 7227047.05, '2026-06-15 14:50:45.440'),
(1160, 33, '2026-06-14', 2.60300000, 1526315638.00, 5402724.71, '2026-06-15 14:50:45.440'),
(1161, 34, '2026-06-14', 0.05634000, 1367709164.00, 1336299.58, '2026-06-15 14:50:45.440'),
(1162, 32, '2026-06-14', 0.58420000, 1441847942.00, 165125744.66, '2026-06-15 14:50:45.440'),
(1163, 16, '2026-06-14', 0.99990000, 4500220206.00, 4569596.47, '2026-06-15 14:50:45.440'),
(1164, 23, '2026-06-14', 4303.23000000, 2629279826.00, 292354190.87, '2026-06-15 14:50:45.440'),
(1165, 9, '2026-06-14', 1.00030000, 10828904096.00, 383786.81, '2026-06-15 14:50:45.440'),
(1166, 14, '2026-06-14', 1.00068000, 4622546864.00, 181166384.90, '2026-06-15 14:50:45.440'),
(1167, 11, '2026-06-14', 493.43000000, 6248017557.00, 161608786.80, '2026-06-15 14:50:45.440'),
(1168, 10, '2026-06-14', 0.18940000, 6827560585.00, 13935108.58, '2026-06-15 14:50:45.440'),
(1169, 51, '2026-06-14', 0.69590000, 690115288.00, 4623054.18, '2026-06-15 14:50:45.440'),
(1170, 40, '2026-06-14', 1.00050000, 999766444.00, 11368274.38, '2026-06-15 14:50:45.440'),
(1171, 52, '2026-06-14', 0.80200000, 577839441.00, 7655818.55, '2026-06-15 14:50:45.440'),
(1172, 5, '2026-06-14', 1.18340000, 68120065619.00, 88557197.56, '2026-06-15 14:50:45.440'),
(1173, 27, '2026-06-14', 0.06080000, 1773316314.00, 6379338.59, '2026-06-15 14:50:45.440'),
(1174, 4, '2026-06-14', 1.00040000, 75554149455.00, 918880864.39, '2026-06-15 14:50:45.440'),
(1175, 30, '2026-06-14', 1.00200000, 1603551907.00, 6469009.11, '2026-06-15 14:50:45.440'),
(1176, 18, '2026-06-14', 0.08154000, 3439810073.00, 10770945.80, '2026-06-15 14:50:45.440'),
(1793, 42, '2026-06-16', 76.45000000, 940554206.00, 14141061.21, '2026-06-17 12:39:03.851'),
(1794, 46, '2026-06-16', 1.99800000, 835667949.00, 1866511.65, '2026-06-17 12:39:03.851'),
(1795, 53, '2026-06-16', 0.67300000, 542419216.00, 3579191.92, '2026-06-17 12:39:03.851'),
(1796, 12, '2026-06-16', 0.17320000, 5896273582.00, 27916813.46, '2026-06-17 12:39:03.851'),
(1797, 56, '2026-06-16', 0.19910000, 522684336.00, 3688606.13, '2026-06-17 12:39:03.851'),
(1798, 13, '2026-06-16', 8.35000000, 5397239865.00, 12320207.36, '2026-06-17 12:39:03.851'),
(1799, 30, '2026-06-16', 1.02800000, 1603551907.00, 5580864.61, '2026-06-17 12:39:03.851'),
(1800, 35, '2026-06-16', 0.99980000, 1318284554.00, 4867599.36, '2026-06-17 12:39:03.851'),
(1801, 39, '2026-06-16', 7.44000000, 1068357267.00, 1286081.04, '2026-06-17 12:39:03.851'),
(1802, 52, '2026-06-16', 0.81500000, 577839441.00, 6751893.59, '2026-06-17 12:39:03.851'),
(1803, 15, '2026-06-16', 215.60000000, 4504557710.00, 22497414.06, '2026-06-17 12:39:03.851'),
(1804, 38, '2026-06-16', 1.95100000, 1076104169.00, 1500782.20, '2026-06-17 12:39:03.851'),
(1805, 24, '2026-06-16', 2.33000000, 2506278491.00, 75075584.39, '2026-06-17 12:39:03.851'),
(1806, 49, '2026-06-16', 0.82000000, 744840822.00, 384784.82, '2026-06-17 12:39:03.851'),
(1807, 50, '2026-06-16', 0.08231000, 700673333.00, 3636578.93, '2026-06-17 12:39:03.851'),
(1808, 8, '2026-06-16', 0.08763000, 12665113034.00, 46679532.20, '2026-06-17 12:39:03.851'),
(1809, 31, '2026-06-16', 0.66900000, 1578514447.00, 15193833.48, '2026-06-17 12:39:03.851'),
(1810, 1, '2026-06-16', 65912.00000000, 1228405045605.00, 922066350.64, '2026-06-17 12:39:03.851'),
(1811, 54, '2026-06-16', 0.03279000, 525029513.00, 14298735.50, '2026-06-17 12:39:03.851'),
(1812, 44, '2026-06-16', 0.08650000, 872915258.00, 21513471.72, '2026-06-17 12:39:03.851'),
(1813, 47, '2026-06-16', 0.09590000, 831711360.00, 2084952.78, '2026-06-17 12:39:03.851'),
(1814, 20, '2026-06-16', 6.94700000, 2902556799.00, 14891924.90, '2026-06-17 12:39:03.851'),
(1815, 29, '2026-06-16', 0.37880000, 1622909664.00, 18285533.11, '2026-06-17 12:39:03.851'),
(1816, 19, '2026-06-16', 45.73000000, 3339402904.00, 12222256.11, '2026-06-17 12:39:03.851'),
(1817, 36, '2026-06-16', 2.42700000, 1288253730.00, 8100521.81, '2026-06-17 12:39:03.851'),
(1818, 25, '2026-06-16', 4320.65000000, 1983329397.00, 13016334.64, '2026-06-17 12:39:03.851'),
(1819, 37, '2026-06-16', 0.00000300, 1137662598.00, 15754801.49, '2026-06-17 12:39:03.851'),
(1820, 41, '2026-06-16', 71.89000000, 934973448.00, 958480.11, '2026-06-17 12:39:03.851'),
(1821, 43, '2026-06-16', 17.61700000, 920499664.00, 2008343.80, '2026-06-17 12:39:03.851'),
(1822, 48, '2026-06-16', 0.07697000, 811897107.00, 2455380.06, '2026-06-17 12:39:03.851'),
(1823, 2, '2026-06-16', 1796.30000000, 191184675836.00, 566594271.25, '2026-06-17 12:39:03.851'),
(1824, 34, '2026-06-16', 0.05725000, 1367709164.00, 1127174.64, '2026-06-17 12:39:03.851'),
(1825, 22, '2026-06-16', 0.00000500, 2661779831.00, 2205491.66, '2026-06-17 12:39:03.851'),
(1826, 18, '2026-06-16', 0.08106000, 3439810073.00, 10585808.46, '2026-06-17 12:39:03.851'),
(1827, 21, '2026-06-16', 0.80770000, 2854494778.00, 26907509.82, '2026-06-17 12:39:03.851'),
(1828, 45, '2026-06-16', 1.75900000, 855387758.00, 4670032.35, '2026-06-17 12:39:03.851'),
(1829, 28, '2026-06-16', 1.00100000, 1685721082.00, 20565188.36, '2026-06-17 12:39:03.851'),
(1830, 17, '2026-06-16', 1.64500000, 4197022752.00, 13167449.05, '2026-06-17 12:39:03.851'),
(1831, 6, '2026-06-16', 73.85000000, 36545364499.00, 154499195.17, '2026-06-17 12:39:03.851'),
(1832, 7, '2026-06-16', 0.31790000, 30318457084.00, 25465357.63, '2026-06-17 12:39:03.851'),
(1833, 26, '2026-06-16', 259.80000000, 1883908625.00, 51934114.85, '2026-06-17 12:39:03.851'),
(1834, 14, '2026-06-16', 1.00074000, 4622546864.00, 254711793.95, '2026-06-17 12:39:03.851'),
(1835, 16, '2026-06-16', 1.00010000, 4500220206.00, 8178929.22, '2026-06-17 12:39:03.851'),
(1836, 33, '2026-06-16', 3.51700000, 1526315638.00, 66524054.10, '2026-06-17 12:39:03.851'),
(1837, 4, '2026-06-16', 1.00071000, 75554149455.00, 1427171060.06, '2026-06-17 12:39:03.851'),
(1838, 9, '2026-06-16', 1.00070000, 10828904096.00, 816580.83, '2026-06-17 12:39:03.851'),
(1839, 32, '2026-06-16', 0.69100000, 1441847942.00, 263589155.82, '2026-06-17 12:39:03.851'),
(1840, 40, '2026-06-16', 1.00050000, 999766444.00, 11068804.80, '2026-06-17 12:39:03.851'),
(1841, 5, '2026-06-16', 1.22090000, 68120065619.00, 111223831.84, '2026-06-17 12:39:03.851'),
(1842, 27, '2026-06-16', 0.06060000, 1773316314.00, 9522661.26, '2026-06-17 12:39:03.851'),
(1843, 11, '2026-06-16', 515.95000000, 6248017557.00, 166490395.40, '2026-06-17 12:39:03.851'),
(1844, 3, '2026-06-16', 609.50000000, 78257379654.00, 113181497.64, '2026-06-17 12:39:03.851'),
(1845, 51, '2026-06-16', 0.66890000, 690115288.00, 4072301.56, '2026-06-17 12:39:03.851'),
(1846, 10, '2026-06-16', 0.22560000, 6827560585.00, 48713652.94, '2026-06-17 12:39:03.851'),
(1847, 55, '2026-06-16', 5.64000000, 528728550.00, 18952618.22, '2026-06-17 12:39:03.851'),
(1848, 23, '2026-06-16', 4311.40000000, 2629279826.00, 87878743.77, '2026-06-17 12:39:03.851'),
(2745, 35, '2026-06-17', 0.99980000, 1318284554.00, 2107016.32, '2026-06-18 12:49:34.288'),
(2746, 53, '2026-06-17', 0.64400000, 542419216.00, 5638267.15, '2026-06-18 12:49:34.288'),
(2747, 20, '2026-06-17', 6.60300000, 2902556799.00, 19710071.96, '2026-06-18 12:49:34.288'),
(2748, 15, '2026-06-17', 207.00000000, 4504557710.00, 8523580.35, '2026-06-18 12:49:34.288'),
(2749, 2, '2026-06-17', 1727.93000000, 191184675836.00, 604261971.55, '2026-06-18 12:49:34.288'),
(2750, 42, '2026-06-17', 73.17000000, 940554206.00, 16368486.16, '2026-06-18 12:49:34.288'),
(2751, 39, '2026-06-17', 7.16000000, 1068357267.00, 1562621.08, '2026-06-18 12:49:34.288'),
(2752, 43, '2026-06-17', 13.60800000, 920499664.00, 7656404.14, '2026-06-18 12:49:34.288'),
(2753, 31, '2026-06-17', 0.65300000, 1578514447.00, 121058796.69, '2026-06-18 12:49:34.288'),
(2754, 8, '2026-06-17', 0.08419000, 12665113034.00, 38321659.51, '2026-06-18 12:49:34.288'),
(2755, 12, '2026-06-17', 0.16440000, 5896273582.00, 34636992.03, '2026-06-18 12:49:34.288'),
(2756, 30, '2026-06-17', 0.97200000, 1603551907.00, 7492973.22, '2026-06-18 12:49:34.288'),
(2757, 1, '2026-06-17', 63899.99000000, 1228405045605.00, 1214267944.96, '2026-06-18 12:49:34.288'),
(2758, 3, '2026-06-17', 588.95000000, 78257379654.00, 109452051.29, '2026-06-18 12:49:34.288'),
(2759, 47, '2026-06-17', 0.09700000, 831711360.00, 4273955.40, '2026-06-18 12:49:34.288'),
(2760, 49, '2026-06-17', 0.80700000, 744840822.00, 671965.35, '2026-06-18 12:49:34.288'),
(2761, 36, '2026-06-17', 2.28400000, 1288253730.00, 8257621.26, '2026-06-18 12:49:34.288'),
(2762, 55, '2026-06-17', 5.22600000, 528728550.00, 13206133.66, '2026-06-18 12:49:34.288'),
(2763, 13, '2026-06-17', 7.93600000, 5397239865.00, 17769677.66, '2026-06-18 12:49:34.288'),
(2764, 29, '2026-06-17', 0.35750000, 1622909664.00, 19761829.40, '2026-06-18 12:49:34.288'),
(2765, 18, '2026-06-17', 0.07969000, 3439810073.00, 12008341.93, '2026-06-18 12:49:34.288'),
(2766, 50, '2026-06-17', 0.08228000, 700673333.00, 3530620.22, '2026-06-18 12:49:34.288'),
(2767, 19, '2026-06-17', 44.24000000, 3339402904.00, 10853607.76, '2026-06-18 12:49:34.288'),
(2768, 45, '2026-06-17', 1.66900000, 855387758.00, 5482727.27, '2026-06-18 12:49:34.288'),
(2769, 38, '2026-06-17', 1.96700000, 1076104169.00, 1928337.69, '2026-06-18 12:49:34.288'),
(2770, 52, '2026-06-17', 0.78600000, 577839441.00, 9560406.38, '2026-06-18 12:49:34.288'),
(2771, 48, '2026-06-17', 0.07555000, 811897107.00, 3544298.37, '2026-06-18 12:49:34.288'),
(2772, 24, '2026-06-17', 2.16200000, 2506278491.00, 65429887.33, '2026-06-18 12:49:34.288'),
(2773, 56, '2026-06-17', 0.18420000, 522684336.00, 2249284.30, '2026-06-18 12:49:34.288'),
(2774, 25, '2026-06-17', 4299.25000000, 1983329397.00, 22321631.65, '2026-06-18 12:49:34.288'),
(2775, 54, '2026-06-17', 0.02998000, 525029513.00, 51338811.33, '2026-06-18 12:49:34.288'),
(2776, 41, '2026-06-17', 69.92000000, 934973448.00, 596833.78, '2026-06-18 12:49:34.288'),
(2777, 22, '2026-06-17', 0.00000486, 2661779831.00, 3225957.07, '2026-06-18 12:49:34.288'),
(2778, 34, '2026-06-17', 0.05641000, 1367709164.00, 1683986.17, '2026-06-18 12:49:34.288'),
(2779, 16, '2026-06-17', 0.99990000, 4500220206.00, 2374224.62, '2026-06-18 12:49:34.288'),
(2780, 14, '2026-06-17', 1.00079000, 4622546864.00, 210257073.33, '2026-06-18 12:49:34.288'),
(2781, 27, '2026-06-17', 0.06200000, 1773316314.00, 5017234.20, '2026-06-18 12:49:34.288'),
(2782, 32, '2026-06-17', 0.62430000, 1441847942.00, 239719517.15, '2026-06-18 12:49:34.288'),
(2783, 6, '2026-06-17', 70.98000000, 36545364499.00, 177714991.21, '2026-06-18 12:49:34.288'),
(2784, 9, '2026-06-17', 1.00070000, 10828904096.00, 1255180.89, '2026-06-18 12:49:34.288'),
(2785, 21, '2026-06-17', 0.74420000, 2854494778.00, 33734621.50, '2026-06-18 12:49:34.288'),
(2786, 28, '2026-06-17', 1.00100000, 1685721082.00, 45641008.15, '2026-06-18 12:49:34.288'),
(2787, 33, '2026-06-17', 3.08600000, 1526315638.00, 78185780.09, '2026-06-18 12:49:34.288'),
(2788, 5, '2026-06-17', 1.16550000, 68120065619.00, 130054373.84, '2026-06-18 12:49:34.288'),
(2789, 4, '2026-06-17', 1.00079000, 75554149455.00, 1734679042.48, '2026-06-18 12:49:34.288'),
(2790, 37, '2026-06-17', 0.00000287, 1137662598.00, 18373655.05, '2026-06-18 12:49:34.288'),
(2791, 40, '2026-06-17', 1.00070000, 999766444.00, 18711465.71, '2026-06-18 12:49:34.288'),
(2792, 7, '2026-06-17', 0.32020000, 30318457084.00, 40835997.74, '2026-06-18 12:49:34.288'),
(2793, 51, '2026-06-17', 0.69490000, 690115288.00, 6715538.47, '2026-06-18 12:49:34.288'),
(2794, 23, '2026-06-17', 4288.55000000, 2629279826.00, 219929236.34, '2026-06-18 12:49:34.288'),
(2795, 11, '2026-06-17', 461.80000000, 6248017557.00, 184787054.48, '2026-06-18 12:49:34.288'),
(2796, 26, '2026-06-17', 240.60000000, 1883908625.00, 43348811.23, '2026-06-18 12:49:34.288'),
(2797, 44, '2026-06-17', 0.09140000, 872915258.00, 47274979.53, '2026-06-18 12:49:34.288'),
(2798, 46, '2026-06-17', 1.86200000, 835667949.00, 3045985.38, '2026-06-18 12:49:34.288'),
(2799, 10, '2026-06-17', 0.22990000, 6827560585.00, 47689036.15, '2026-06-18 12:49:34.288'),
(2800, 17, '2026-06-17', 1.65900000, 4197022752.00, 13573864.68, '2026-06-18 12:49:34.288'),
(3025, 1, '2026-06-18', 62571.72000000, 1228405045605.00, 1095019415.09, '2026-06-19 11:34:03.648'),
(3026, 31, '2026-06-18', 0.62300000, 1578514447.00, 35165698.32, '2026-06-19 11:34:03.648'),
(3027, 39, '2026-06-18', 7.12000000, 1068357267.00, 1624286.54, '2026-06-19 11:34:03.648'),
(3028, 3, '2026-06-18', 572.82000000, 78257379654.00, 86255484.64, '2026-06-19 11:34:03.648'),
(3029, 18, '2026-06-18', 0.07908000, 3439810073.00, 8357413.60, '2026-06-19 11:34:03.648'),
(3030, 15, '2026-06-18', 193.80000000, 4504557710.00, 13932180.79, '2026-06-19 11:34:03.648'),
(3031, 44, '2026-06-18', 0.08880000, 872915258.00, 29837163.83, '2026-06-19 11:34:03.648'),
(3032, 2, '2026-06-18', 1689.57000000, 191184675836.00, 546459297.27, '2026-06-19 11:34:03.648'),
(3033, 13, '2026-06-18', 7.83000000, 5397239865.00, 15799008.56, '2026-06-19 11:34:03.648'),
(3034, 53, '2026-06-18', 0.62300000, 542419216.00, 4507378.19, '2026-06-19 11:34:03.648'),
(3035, 19, '2026-06-18', 43.35000000, 3339402904.00, 10997337.80, '2026-06-19 11:34:03.648'),
(3036, 52, '2026-06-18', 0.77200000, 577839441.00, 6534395.41, '2026-06-19 11:34:03.648'),
(3037, 38, '2026-06-18', 1.95000000, 1076104169.00, 2908711.42, '2026-06-19 11:34:03.648'),
(3038, 46, '2026-06-18', 1.79700000, 835667949.00, 2593905.35, '2026-06-19 11:34:03.648'),
(3039, 20, '2026-06-18', 6.06600000, 2902556799.00, 26908370.39, '2026-06-19 11:34:03.648'),
(3040, 49, '2026-06-18', 0.79600000, 744840822.00, 288524.90, '2026-06-19 11:34:03.648'),
(3041, 29, '2026-06-18', 0.35320000, 1622909664.00, 20039078.66, '2026-06-19 11:34:03.648'),
(3042, 42, '2026-06-18', 72.09000000, 940554206.00, 11013630.99, '2026-06-19 11:34:03.648'),
(3043, 24, '2026-06-18', 2.11200000, 2506278491.00, 53430007.01, '2026-06-19 11:34:03.648'),
(3044, 8, '2026-06-18', 0.08231000, 12665113034.00, 33606074.70, '2026-06-19 11:34:03.648'),
(3045, 41, '2026-06-18', 69.27000000, 934973448.00, 800010.94, '2026-06-19 11:34:03.648'),
(3046, 45, '2026-06-18', 1.69200000, 855387758.00, 6558828.38, '2026-06-19 11:34:03.648'),
(3047, 37, '2026-06-18', 0.00000279, 1137662598.00, 13949222.76, '2026-06-19 11:34:03.648'),
(3048, 25, '2026-06-18', 4137.11000000, 1983329397.00, 15143011.27, '2026-06-19 11:34:03.648'),
(3049, 36, '2026-06-18', 2.21500000, 1288253730.00, 6889728.59, '2026-06-19 11:34:03.648'),
(3050, 21, '2026-06-18', 0.71250000, 2854494778.00, 31906034.01, '2026-06-19 11:34:03.648'),
(3051, 34, '2026-06-18', 0.05801000, 1367709164.00, 1713785.63, '2026-06-19 11:34:03.648'),
(3052, 54, '2026-06-18', 0.03103000, 525029513.00, 63565304.22, '2026-06-19 11:34:03.648'),
(3053, 55, '2026-06-18', 5.06000000, 528728550.00, 6496408.21, '2026-06-19 11:34:03.648'),
(3054, 43, '2026-06-18', 16.45600000, 920499664.00, 5809727.94, '2026-06-19 11:34:03.648'),
(3055, 26, '2026-06-18', 228.20000000, 1883908625.00, 33789842.13, '2026-06-19 11:34:03.648'),
(3056, 56, '2026-06-18', 0.18770000, 522684336.00, 2233213.61, '2026-06-19 11:34:03.648'),
(3057, 28, '2026-06-18', 1.00090000, 1685721082.00, 46894872.30, '2026-06-19 11:34:03.648'),
(3058, 7, '2026-06-18', 0.32080000, 30318457084.00, 30370677.18, '2026-06-19 11:34:03.648'),
(3059, 22, '2026-06-18', 0.00000471, 2661779831.00, 2742896.93, '2026-06-19 11:34:03.648'),
(3060, 17, '2026-06-18', 1.61900000, 4197022752.00, 8550077.77, '2026-06-19 11:34:03.648'),
(3061, 6, '2026-06-18', 68.46000000, 36545364499.00, 168023436.44, '2026-06-19 11:34:03.648'),
(3062, 4, '2026-06-18', 1.00075000, 75554149455.00, 1667675826.99, '2026-06-19 11:34:03.648'),
(3063, 32, '2026-06-18', 0.62910000, 1441847942.00, 368806356.53, '2026-06-19 11:34:03.648'),
(3064, 48, '2026-06-18', 0.07757000, 811897107.00, 4823862.12, '2026-06-19 11:34:03.648'),
(3065, 33, '2026-06-18', 3.01200000, 1526315638.00, 35534411.61, '2026-06-19 11:34:03.648'),
(3066, 40, '2026-06-18', 1.00090000, 999766444.00, 34229605.77, '2026-06-19 11:34:03.648'),
(3067, 14, '2026-06-18', 1.00089000, 4622546864.00, 234947608.11, '2026-06-19 11:34:03.648'),
(3068, 27, '2026-06-18', 0.05820000, 1773316314.00, 4146167.56, '2026-06-19 11:34:03.648'),
(3069, 47, '2026-06-18', 0.09380000, 831711360.00, 4238046.81, '2026-06-19 11:34:03.648'),
(3070, 10, '2026-06-18', 0.22060000, 6827560585.00, 64393599.70, '2026-06-19 11:34:03.648'),
(3071, 5, '2026-06-18', 1.12900000, 68120065619.00, 138937039.60, '2026-06-19 11:34:03.648'),
(3072, 35, '2026-06-18', 0.99950000, 1318284554.00, 2475514.52, '2026-06-19 11:34:03.648'),
(3073, 11, '2026-06-18', 445.00000000, 6248017557.00, 110793497.69, '2026-06-19 11:34:03.648'),
(3074, 30, '2026-06-18', 0.95700000, 1603551907.00, 6480368.96, '2026-06-19 11:34:03.648'),
(3075, 12, '2026-06-18', 0.16000000, 5896273582.00, 21450418.40, '2026-06-19 11:34:03.648'),
(3076, 50, '2026-06-18', 0.07867000, 700673333.00, 4452350.45, '2026-06-19 11:34:03.648'),
(3077, 16, '2026-06-18', 0.99990000, 4500220206.00, 2233363.38, '2026-06-19 11:34:03.648'),
(3078, 23, '2026-06-18', 4130.79000000, 2629279826.00, 22461903.17, '2026-06-19 11:34:03.648'),
(3079, 51, '2026-06-18', 0.68680000, 690115288.00, 11656221.56, '2026-06-19 11:34:03.648'),
(3080, 9, '2026-06-18', 1.00070000, 10828904096.00, 813167.34, '2026-06-19 11:34:03.648');

-- --------------------------------------------------------

--
-- Table structure for table `holding`
--

CREATE TABLE `holding` (
  `id` varchar(191) NOT NULL,
  `userId` varchar(191) NOT NULL,
  `coinId` int(11) NOT NULL,
  `quantity` decimal(24,8) NOT NULL,
  `avgPrice` decimal(18,8) NOT NULL,
  `createdAt` datetime(3) NOT NULL DEFAULT current_timestamp(3),
  `updatedAt` datetime(3) NOT NULL
) ENGINE=InnoDB DEFAULT CHARSET=utf8mb4 COLLATE=utf8mb4_unicode_ci;

--
-- Dumping data for table `holding`
--

INSERT INTO `holding` (`id`, `userId`, `coinId`, `quantity`, `avgPrice`, `createdAt`, `updatedAt`) VALUES
('cmq248iwa0001twbsrm6wcwdv', 'demo-user', 3, 10.04258694, 579.99000000, '2026-06-06 15:53:19.392', '2026-06-06 15:53:19.392'),
('cmq248m7h0005twbsedlmialj', 'demo-user', 4, 10.00000000, 1.00020000, '2026-06-06 15:53:23.688', '2026-06-06 15:53:23.688'),
('cmqey9woz000dtwjk24yx9s2t', 'demo-user', 1, 1.13043729, 65767.46000000, '2026-06-15 15:27:26.527', '2026-06-15 15:49:28.193'),
('cmqj4vzg00003tw50qulw6k27', 'demo-user', 2, 1.00000000, 1727.93000000, '2026-06-18 13:43:38.921', '2026-06-18 13:43:38.921'),
('cmqkib1v50004tws84sx7yhfd', 'cmqki8aod0002tws8bq77lgl5', 7, 1185.64742590, 0.32080000, '2026-06-19 12:47:03.081', '2026-06-19 12:47:03.081'),
('cmqkibbjr0008tws8bon0l8ey', 'cmqki8aod0002tws8bq77lgl5', 14, 379.64313545, 1.00089000, '2026-06-19 12:47:15.634', '2026-06-19 12:47:15.634'),
('cmqkibksm000ctws8773fimrj', 'cmqki8aod0002tws8bq77lgl5', 16, 380.00000000, 0.99990000, '2026-06-19 12:47:27.617', '2026-06-19 12:47:27.617'),
('cmqkibto1000gtws81b4uvbyp', 'cmqki8aod0002tws8bq77lgl5', 32, 603.74960280, 0.62910000, '2026-06-19 12:47:39.117', '2026-06-19 12:47:39.117'),
('cmqkibzq8000ktws8ybwxlk6w', 'cmqki8aod0002tws8bq77lgl5', 34, 6485.74842123, 0.05801000, '2026-06-19 12:47:46.972', '2026-06-19 12:47:46.972'),
('cmqkice6v000otws8aekap6dm', 'cmqki8aod0002tws8bq77lgl5', 40, 379.65830752, 1.00090000, '2026-06-19 12:48:05.715', '2026-06-19 12:48:05.715'),
('cmqkid2xh000stws8vx30bmnd', 'cmqki8aod0002tws8bq77lgl5', 45, 224.98519834, 1.69200000, '2026-06-19 12:48:37.777', '2026-06-19 12:48:37.777'),
('cmqkid8v8000wtws8g0ipzz0t', 'cmqki8aod0002tws8bq77lgl5', 48, 4906.39122014, 0.07757000, '2026-06-19 12:48:45.472', '2026-06-19 12:48:45.472'),
('cmqkidk2l0010tws8n7lrwgff', 'cmqki8aod0002tws8bq77lgl5', 54, 12152.22257755, 0.03103000, '2026-06-19 12:48:59.993', '2026-06-19 12:48:59.993'),
('cmqkidsn80014tws8qcc7f87v', 'cmqki8aod0002tws8bq77lgl5', 56, 2026.66666667, 0.18770000, '2026-06-19 12:49:11.104', '2026-06-19 12:49:11.104'),
('cmqkimxdh001btws8zldiayty', 'cmqkiks6p0019tws8raiphfcd', 24, 178.15283638, 2.11200000, '2026-06-19 12:56:17.134', '2026-06-19 12:56:17.134'),
('cmqkin4rt001ftws8k4cjpej2', 'cmqkiks6p0019tws8raiphfcd', 10, 1718.67933062, 0.22060000, '2026-06-19 12:56:26.724', '2026-06-19 12:56:26.724'),
('cmqkina6n001jtws8qs8jl0w4', 'cmqkiks6p0019tws8raiphfcd', 46, 209.36639118, 1.79700000, '2026-06-19 12:56:33.739', '2026-06-19 12:56:33.739'),
('cmqkind3b001ntws8oqsvwizj', 'cmqkiks6p0019tws8raiphfcd', 11, 0.84253470, 445.00000000, '2026-06-19 12:56:37.506', '2026-06-19 12:56:37.506'),
('cmqkingwq001rtws8rfx90qg5', 'cmqkiks6p0019tws8raiphfcd', 38, 194.87179487, 1.95000000, '2026-06-19 12:56:42.454', '2026-06-19 12:56:42.454'),
('cmqkinkc1001vtws8c896oqy2', 'cmqkiks6p0019tws8raiphfcd', 26, 1.65145589, 228.20000000, '2026-06-19 12:56:46.894', '2026-06-19 12:56:46.894'),
('cmqkinnwm001ztws8aavvbxf4', 'cmqkiks6p0019tws8raiphfcd', 42, 5.17781714, 72.09000000, '2026-06-19 12:56:51.522', '2026-06-19 12:56:51.522'),
('cmqkinqnl0023tws89eyrdhn5', 'cmqkiks6p0019tws8raiphfcd', 56, 2016.98513800, 0.18770000, '2026-06-19 12:56:55.086', '2026-06-19 12:56:55.086'),
('cmqkintgd0027tws8s9r8fh0y', 'cmqkiks6p0019tws8raiphfcd', 33, 124.79474548, 3.01200000, '2026-06-19 12:56:58.714', '2026-06-19 12:56:58.714'),
('cmqkinwhu002btws8yrjmdz7f', 'cmqkiks6p0019tws8raiphfcd', 32, 602.02788340, 0.62910000, '2026-06-19 12:57:02.654', '2026-06-19 12:57:02.654'),
('cmqkizwhv002ltws8ei0kdxcc', 'cmqkiyv1o002jtws8oy4d9xjy', 27, 6518.01029160, 0.05820000, '2026-06-19 13:06:22.527', '2026-06-19 13:06:22.527'),
('cmqkj05v6002ptws8rfqquicl', 'cmqkiyv1o002jtws8oy4d9xjy', 26, 1.65145589, 228.20000000, '2026-06-19 13:06:34.671', '2026-06-19 13:06:34.671'),
('cmqkj0db3002ttws8hrxe13tb', 'cmqkiyv1o002jtws8oy4d9xjy', 25, 0.09178389, 4137.11000000, '2026-06-19 13:06:44.316', '2026-06-19 13:06:44.316'),
('cmqkj0i06002xtws8ipuqew7d', 'cmqkiyv1o002jtws8oy4d9xjy', 23, 0.09195580, 4130.79000000, '2026-06-19 13:06:50.402', '2026-06-19 13:06:50.402'),
('cmqkj0mb20031tws8zgc9k8xd', 'cmqkiyv1o002jtws8oy4d9xjy', 22, 80338266.38477802, 0.00000471, '2026-06-19 13:06:55.979', '2026-06-19 13:06:55.979'),
('cmqkj0s6u0035tws8vw3ra9d6', 'cmqkiyv1o002jtws8oy4d9xjy', 21, 531.69161886, 0.71250000, '2026-06-19 13:07:03.603', '2026-06-19 13:07:03.603'),
('cmqkj0v2e0039tws8nj0akota', 'cmqkiyv1o002jtws8oy4d9xjy', 20, 62.58234519, 6.06600000, '2026-06-19 13:07:07.330', '2026-06-19 13:07:07.330'),
('cmqkj1e8u003dtws8ckqb1yrl', 'cmqkiyv1o002jtws8oy4d9xjy', 10, 1718.67933062, 0.22060000, '2026-06-19 13:07:32.186', '2026-06-19 13:07:32.186'),
('cmqkj1j56003htws8b2mqe4qc', 'cmqkiyv1o002jtws8oy4d9xjy', 6, 5.53129549, 68.46000000, '2026-06-19 13:07:38.535', '2026-06-19 13:07:38.535'),
('cmqkj1v4k003ltws8s6vdr85q', 'cmqkiyv1o002jtws8oy4d9xjy', 5, 335.21524347, 1.12900000, '2026-06-19 13:07:54.064', '2026-06-19 13:07:54.064');

-- --------------------------------------------------------

--
-- Table structure for table `strategy`
--

CREATE TABLE `strategy` (
  `id` varchar(191) NOT NULL,
  `note` text DEFAULT NULL,
  `maxCoinCount` int(11) DEFAULT NULL,
  `coinSelectionRule` varchar(191) DEFAULT NULL,
  `buyRule` varchar(191) DEFAULT NULL,
  `sellRule` varchar(191) DEFAULT NULL,
  `createdAt` datetime(3) NOT NULL DEFAULT current_timestamp(3),
  `updatedAt` datetime(3) NOT NULL
) ENGINE=InnoDB DEFAULT CHARSET=utf8mb4 COLLATE=utf8mb4_unicode_ci;

--
-- Dumping data for table `strategy`
--

INSERT INTO `strategy` (`id`, `note`, `maxCoinCount`, `coinSelectionRule`, `buyRule`, `sellRule`, `createdAt`, `updatedAt`) VALUES
('cmqj4jwl90000tw50aqe39f5m', NULL, 1, NULL, '3', '4', '2026-06-18 06:34:15.358', '2026-06-18 06:43:10.171'),
('cmqj4kh4v0001tw50knl8zm3p', NULL, 5, '6', '7', '8', '2026-06-18 06:34:41.983', '2026-06-19 05:21:53.463'),
('cmqki8aoa0000tws8d2joz9l3', NULL, 10, 'Xem Top Market Cap', 'Xem 24h: +% thì mua vào', 'Lời +% thì bán, -% thì đợi, -3% thì bán cắt lỗ', '2026-06-19 05:44:54.538', '2026-06-19 06:11:48.085'),
('cmqkiks6l0017tws8a4prsb8s', NULL, 10, 'Xem % tăng', 'Chọn coin 24h, 7d có % tăng cao nhất', 'Lời +10% thì bán, -% thì đợi, -8% thì bán cắt lỗ', '2026-06-19 05:54:37.102', '2026-06-19 06:12:07.322'),
('cmqkiv6us002etws8iq07u9x0', NULL, 5, '- Top 100 MC', '- 24h > 5% - 7d > 10% - Volume tăng', 'TP: 7% SL: 5%', '2026-06-19 06:02:42.677', '2026-06-19 06:09:02.702'),
('cmqkiyv1m002htws8seejwuf2', NULL, 10, 'Top 30 MC', '24h: -5% -> -15%     7d: vẫn dương', 'TP: 8%     SL: 5%', '2026-06-19 06:05:33.994', '2026-06-19 06:11:06.277'),
('cmqkj5n4b003otws8gddto3vd', NULL, 10, 'Top 10 volume cao nhất', 'Mua 10', 'TP: 5% SL: 5%', '2026-06-19 06:10:50.315', '2026-06-19 06:10:50.315');

-- --------------------------------------------------------

--
-- Table structure for table `trade`
--

CREATE TABLE `trade` (
  `id` varchar(191) NOT NULL,
  `userId` varchar(191) NOT NULL,
  `coinId` int(11) NOT NULL,
  `type` enum('BUY','SELL') NOT NULL,
  `quantity` decimal(24,8) NOT NULL,
  `priceUsd` decimal(18,8) NOT NULL,
  `totalAmount` decimal(18,2) NOT NULL,
  `createdAt` datetime(3) NOT NULL DEFAULT current_timestamp(3)
) ENGINE=InnoDB DEFAULT CHARSET=utf8mb4 COLLATE=utf8mb4_unicode_ci;

--
-- Dumping data for table `trade`
--

INSERT INTO `trade` (`id`, `userId`, `coinId`, `type`, `quantity`, `priceUsd`, `totalAmount`, `createdAt`) VALUES
('cmq248iwj0003twbshu2mwqfj', 'demo-user', 3, 'BUY', 10.04258694, 579.99000000, 5824.60, '2026-06-06 15:53:19.392'),
('cmq248m8e0007twbsfdemy64d', 'demo-user', 4, 'BUY', 10.00000000, 1.00020000, 10.00, '2026-06-06 15:53:23.688'),
('cmqey4j4e0003twjk62jof5s2', 'demo-user', 1, 'BUY', 0.99946083, 65767.46000000, 65732.00, '2026-06-15 15:23:15.636'),
('cmqey6cln0005twjk5kkxdp1n', 'demo-user', 1, 'SELL', 0.99946083, 65767.46000000, 65732.00, '2026-06-15 15:24:40.503'),
('cmqey6z080009twjkrrxk1xy5', 'demo-user', 1, 'BUY', 0.99860828, 65767.46000000, 65675.93, '2026-06-15 15:25:09.552'),
('cmqey9721000btwjk5szii135', 'demo-user', 1, 'SELL', 0.99860828, 65767.46000000, 65675.93, '2026-06-15 15:26:53.270'),
('cmqey9wp4000ftwjk69rklh9r', 'demo-user', 1, 'BUY', 1.00000000, 65767.46000000, 65767.46, '2026-06-15 15:27:26.527'),
('cmqeya6l7000htwjkytdk3xoo', 'demo-user', 1, 'BUY', 0.10000000, 65767.46000000, 6576.75, '2026-06-15 15:27:39.346'),
('cmqez28i6000jtwjk7cu2qrbg', 'demo-user', 1, 'BUY', 0.03043729, 65767.46000000, 2001.78, '2026-06-15 15:49:28.193'),
('cmqj4vzg80005tw50k064hb1s', 'demo-user', 2, 'BUY', 1.00000000, 1727.93000000, 1727.93, '2026-06-18 13:43:38.921'),
('cmqkib1ve0006tws8it253bos', 'cmqki8aod0002tws8bq77lgl5', 7, 'BUY', 1185.64742590, 0.32080000, 380.36, '2026-06-19 12:47:03.081'),
('cmqkibbk3000atws8pomn5ebj', 'cmqki8aod0002tws8bq77lgl5', 14, 'BUY', 379.64313545, 1.00089000, 379.98, '2026-06-19 12:47:15.634'),
('cmqkibksq000etws8k5oq8wkr', 'cmqki8aod0002tws8bq77lgl5', 16, 'BUY', 380.00000000, 0.99990000, 379.96, '2026-06-19 12:47:27.617'),
('cmqkibtoc000itws8wvzhesql', 'cmqki8aod0002tws8bq77lgl5', 32, 'BUY', 603.74960280, 0.62910000, 379.82, '2026-06-19 12:47:39.117'),
('cmqkibzqc000mtws8jsnlxiiw', 'cmqki8aod0002tws8bq77lgl5', 34, 'BUY', 6485.74842123, 0.05801000, 376.24, '2026-06-19 12:47:46.972'),
('cmqkice70000qtws8dtvvlnws', 'cmqki8aod0002tws8bq77lgl5', 40, 'BUY', 379.65830752, 1.00090000, 380.00, '2026-06-19 12:48:05.715'),
('cmqkid2xt000utws8rh2cw6bj', 'cmqki8aod0002tws8bq77lgl5', 45, 'BUY', 224.98519834, 1.69200000, 380.67, '2026-06-19 12:48:37.777'),
('cmqkid8vc000ytws82x4gre7a', 'cmqki8aod0002tws8bq77lgl5', 48, 'BUY', 4906.39122014, 0.07757000, 380.59, '2026-06-19 12:48:45.472'),
('cmqkidk2o0012tws8htj5bhf6', 'cmqki8aod0002tws8bq77lgl5', 54, 'BUY', 12152.22257755, 0.03103000, 377.08, '2026-06-19 12:48:59.993'),
('cmqkidsnl0016tws8hnp3cxp5', 'cmqki8aod0002tws8bq77lgl5', 56, 'BUY', 2026.66666667, 0.18770000, 380.41, '2026-06-19 12:49:11.104'),
('cmqkimxdm001dtws8nrmve18x', 'cmqkiks6p0019tws8raiphfcd', 24, 'BUY', 178.15283638, 2.11200000, 376.26, '2026-06-19 12:56:17.134'),
('cmqkin4rz001htws8w0znmbcf', 'cmqkiks6p0019tws8raiphfcd', 10, 'BUY', 1718.67933062, 0.22060000, 379.14, '2026-06-19 12:56:26.724'),
('cmqkina71001ltws8pcfk5bwe', 'cmqkiks6p0019tws8raiphfcd', 46, 'BUY', 209.36639118, 1.79700000, 376.23, '2026-06-19 12:56:33.739'),
('cmqkind3f001ptws8kowmfayf', 'cmqkiks6p0019tws8raiphfcd', 11, 'BUY', 0.84253470, 445.00000000, 374.93, '2026-06-19 12:56:37.506'),
('cmqkingwt001ttws8cfww2eq2', 'cmqkiks6p0019tws8raiphfcd', 38, 'BUY', 194.87179487, 1.95000000, 380.00, '2026-06-19 12:56:42.454'),
('cmqkinkc5001xtws8jcf9ky7l', 'cmqkiks6p0019tws8raiphfcd', 26, 'BUY', 1.65145589, 228.20000000, 376.86, '2026-06-19 12:56:46.894'),
('cmqkinnwx0021tws817itzaw7', 'cmqkiks6p0019tws8raiphfcd', 42, 'BUY', 5.17781714, 72.09000000, 373.27, '2026-06-19 12:56:51.522'),
('cmqkinqnx0025tws8ypzmj8ci', 'cmqkiks6p0019tws8raiphfcd', 56, 'BUY', 2016.98513800, 0.18770000, 378.59, '2026-06-19 12:56:55.086'),
('cmqkintgh0029tws8vx09akqr', 'cmqkiks6p0019tws8raiphfcd', 33, 'BUY', 124.79474548, 3.01200000, 375.88, '2026-06-19 12:56:58.714'),
('cmqkinwhx002dtws8bdd8vcum', 'cmqkiks6p0019tws8raiphfcd', 32, 'BUY', 602.02788340, 0.62910000, 378.74, '2026-06-19 12:57:02.654'),
('cmqkizwi6002ntws865vi7fku', 'cmqkiyv1o002jtws8oy4d9xjy', 27, 'BUY', 6518.01029160, 0.05820000, 379.35, '2026-06-19 13:06:22.527'),
('cmqkj05va002rtws81lx05pu1', 'cmqkiyv1o002jtws8oy4d9xjy', 26, 'BUY', 1.65145589, 228.20000000, 376.86, '2026-06-19 13:06:34.671'),
('cmqkj0db6002vtws8h0bkbolf', 'cmqkiyv1o002jtws8oy4d9xjy', 25, 'BUY', 0.09178389, 4137.11000000, 379.72, '2026-06-19 13:06:44.316'),
('cmqkj0i09002ztws8hzz9l4gu', 'cmqkiyv1o002jtws8oy4d9xjy', 23, 'BUY', 0.09195580, 4130.79000000, 379.85, '2026-06-19 13:06:50.402'),
('cmqkj0mbc0033tws8z7pvgap5', 'cmqkiyv1o002jtws8oy4d9xjy', 22, 'BUY', 80338266.38477802, 0.00000471, 378.39, '2026-06-19 13:06:55.979'),
('cmqkj0s6x0037tws8f0rx4300', 'cmqkiyv1o002jtws8oy4d9xjy', 21, 'BUY', 531.69161886, 0.71250000, 378.83, '2026-06-19 13:07:03.603'),
('cmqkj0v2h003btws81zx24j8e', 'cmqkiyv1o002jtws8oy4d9xjy', 20, 'BUY', 62.58234519, 6.06600000, 379.62, '2026-06-19 13:07:07.330'),
('cmqkj1e8y003ftws897owr1p6', 'cmqkiyv1o002jtws8oy4d9xjy', 10, 'BUY', 1718.67933062, 0.22060000, 379.14, '2026-06-19 13:07:32.186'),
('cmqkj1j59003jtws8dsel4ydo', 'cmqkiyv1o002jtws8oy4d9xjy', 6, 'BUY', 5.53129549, 68.46000000, 378.67, '2026-06-19 13:07:38.535'),
('cmqkj1v4v003ntws8w2qmc4dg', 'cmqkiyv1o002jtws8oy4d9xjy', 5, 'BUY', 335.21524347, 1.12900000, 378.46, '2026-06-19 13:07:54.064');

-- --------------------------------------------------------

--
-- Table structure for table `user`
--

CREATE TABLE `user` (
  `id` varchar(191) NOT NULL,
  `name` varchar(191) NOT NULL,
  `description` varchar(191) DEFAULT NULL,
  `startingBalance` decimal(18,2) NOT NULL,
  `currentBalance` decimal(18,2) NOT NULL,
  `createdAt` datetime(3) NOT NULL DEFAULT current_timestamp(3),
  `strategyId` varchar(191) DEFAULT NULL,
  `status` int(11) NOT NULL DEFAULT 1
) ENGINE=InnoDB DEFAULT CHARSET=utf8mb4 COLLATE=utf8mb4_unicode_ci;

--
-- Dumping data for table `user`
--

INSERT INTO `user` (`id`, `name`, `description`, `startingBalance`, `currentBalance`, `createdAt`, `strategyId`, `status`) VALUES
('cmpy7mli70006twx0c0r8j7tc', 'Demo Trader 2', 'tạo thử', 100000.00, 100000.00, '2026-06-03 22:17:10.108', 'cmqj4kh4v0001tw50knl8zm3p', 0),
('cmqki8aod0002tws8bq77lgl5', 'Safe Trader 1 (3%)', 'Bảo toàn vốn - Giao dịch nhiều - Drawdown thấp', 3846.15, 51.04, '2026-06-19 12:44:54.540', 'cmqki8aoa0000tws8d2joz9l3', 1),
('cmqkiks6p0019tws8raiphfcd', 'Aggressive Trader 1 (Max %)', 'Bắt trend Lợi nhuận cao - Chấp nhận thua nhiều hơn', 3846.15, 76.25, '2026-06-19 12:54:37.104', 'cmqkiks6l0017tws8a4prsb8s', 1),
('cmqkiv6v4002gtws83maphmgo', 'Momentum Trader 1', 'Mua coin đang mạnh nhất thị trường (Coin mạnh thường tiếp tục mạnh)', 3846.15, 3846.15, '2026-06-19 13:02:42.687', 'cmqkiv6us002etws8iq07u9x0', 1),
('cmqkiyv1o002jtws8oy4d9xjy', 'Dip Buyer 1', 'Mua coin tốt đang điều chỉnh (Mua điều chỉnh trong xu hướng tăng)', 3846.15, 57.26, '2026-06-19 13:05:33.995', 'cmqkiyv1m002htws8seejwuf2', 1),
('cmqkj5n4p003qtws8cqt6sop1', 'Volume Hunter', 'Chỉ quan tâm tiền lớn đang vào (Tiền đi đâu thì đi theo đó)', 3846.15, 3846.15, '2026-06-19 13:10:50.327', 'cmqkj5n4b003otws8gddto3vd', 1),
('demo-user', 'Demo Trader 1', 'Paper trading account seeded for MVP testing.', 100000.00, 18089.21, '2026-06-03 20:59:49.561', 'cmqj4jwl90000tw50aqe39f5m', 0);

-- --------------------------------------------------------

--
-- Table structure for table `userdailyasset`
--

CREATE TABLE `userdailyasset` (
  `id` varchar(191) NOT NULL,
  `userId` varchar(191) NOT NULL,
  `snapshotDate` date NOT NULL,
  `cashBalance` decimal(18,2) NOT NULL,
  `assetValue` decimal(18,2) NOT NULL,
  `totalValue` decimal(18,2) NOT NULL,
  `createdAt` datetime(3) NOT NULL DEFAULT current_timestamp(3)
) ENGINE=InnoDB DEFAULT CHARSET=utf8mb4 COLLATE=utf8mb4_unicode_ci;

--
-- Dumping data for table `userdailyasset`
--

INSERT INTO `userdailyasset` (`id`, `userId`, `snapshotDate`, `cashBalance`, `assetValue`, `totalValue`, `createdAt`) VALUES
('cmpy4v4ua0001twck4bdp1ogw', 'demo-user', '2026-05-26', 100591.29, 0.00, 100591.29, '2026-06-03 20:59:49.570'),
('cmpy4v4ug0003twckv7ggurpj', 'demo-user', '2026-05-27', 100598.53, 0.00, 100598.53, '2026-06-03 20:59:49.577'),
('cmpy4v4un0005twck3xj4by2i', 'demo-user', '2026-05-28', 100836.97, 0.00, 100836.97, '2026-06-03 20:59:49.583'),
('cmpy4v4uz0007twckmw447cxj', 'demo-user', '2026-05-29', 101868.88, 0.00, 101868.88, '2026-06-03 20:59:49.595'),
('cmpy4v4v50009twckvudc3u0a', 'demo-user', '2026-05-30', 103527.01, 0.00, 103527.01, '2026-06-03 20:59:49.601'),
('cmpy4v4vb000btwckzhnqf0nr', 'demo-user', '2026-05-31', 105068.37, 0.00, 105068.37, '2026-06-03 20:59:49.607'),
('cmpy4v4vi000dtwcko007nh63', 'demo-user', '2026-06-01', 105857.32, 0.00, 105857.32, '2026-06-03 20:59:49.614'),
('cmpy4v4vn000ftwck6tag4zug', 'demo-user', '2026-06-02', 105950.00, 0.00, 105950.00, '2026-06-03 20:59:49.620');

-- --------------------------------------------------------

--
-- Table structure for table `_prisma_migrations`
--

CREATE TABLE `_prisma_migrations` (
  `id` varchar(36) NOT NULL,
  `checksum` varchar(64) NOT NULL,
  `finished_at` datetime(3) DEFAULT NULL,
  `migration_name` varchar(255) NOT NULL,
  `logs` text DEFAULT NULL,
  `rolled_back_at` datetime(3) DEFAULT NULL,
  `started_at` datetime(3) NOT NULL DEFAULT current_timestamp(3),
  `applied_steps_count` int(10) UNSIGNED NOT NULL DEFAULT 0
) ENGINE=InnoDB DEFAULT CHARSET=utf8mb4 COLLATE=utf8mb4_unicode_ci;

--
-- Dumping data for table `_prisma_migrations`
--

INSERT INTO `_prisma_migrations` (`id`, `checksum`, `finished_at`, `migration_name`, `logs`, `rolled_back_at`, `started_at`, `applied_steps_count`) VALUES
('003ef545-0d0a-4818-8ca1-e60afa592eb0', '96d9e64b2eb780cc0a4c20f6e0fb558c7b5678a911a4b126a6daee7595b8c52e', '2026-06-06 07:48:22.837', '20260606001000_coin_market_cap', NULL, NULL, '2026-06-06 07:48:22.809', 1),
('17f43ce5-3ae0-407c-8da9-3b994ea6bb90', 'fef1c18384df6d08234ec6a5b2bb1ea40474ac583645fb608c88f49835f0f61d', '2026-06-03 14:23:31.119', '20260603142331_timestamp_app_timezone', NULL, NULL, '2026-06-03 14:23:31.069', 1),
('30cc6f0f-8105-44cd-806e-8a0553f40922', 'c7fe2bededd4fc7d7c554007260da8aaeff35efeb048a92c3838d52658c65e18', '2026-06-17 06:18:28.732', '20260617000000_strategy_rules_as_strings', NULL, NULL, '2026-06-17 06:18:28.644', 1),
('4e2e03f6-76cf-4ac9-88a3-f62af4ba9e4a', '3fe106e770e9db519dcd2b3a42374b7e4e4e35f52112b12bab03023d1c1712d5', '2026-06-06 05:13:25.642', '20260606000000_coin_sources', NULL, NULL, '2026-06-06 05:13:25.574', 1),
('52ccb83b-3036-4542-bfb2-d1a6642f35cf', 'f80e3b31905ee66f01f9515dabe525a8833a3f2b878b12a52944a97da5ab1b21', '2026-06-17 06:17:00.443', '20260616143000_strategy', '', NULL, '2026-06-17 06:17:00.443', 0),
('65bd61f1-c325-4fbc-8b05-4ee9746c45c9', 'f80e3b31905ee66f01f9515dabe525a8833a3f2b878b12a52944a97da5ab1b21', NULL, '20260616143000_strategy', 'A migration failed to apply. New migrations cannot be applied before the error is recovered from. Read more about how to resolve migration issues in a production database: https://pris.ly/d/migrate-resolve\n\nMigration name: 20260616143000_strategy\n\nDatabase error code: 1050\n\nDatabase error:\nTable \'strategy\' already exists\n\nPlease check the query number 1 from the migration file.\n\n', '2026-06-17 06:17:00.439', '2026-06-17 06:15:05.839', 0),
('6964b171-3459-4d40-8ba6-5041d0e3ec1f', '0440874b725078d03f41f98db9faa572bccdb2414f9c53f135e6ceb4e55ae472', '2026-06-18 06:31:54.187', '20260617001000_optional_strategy_fields', NULL, NULL, '2026-06-18 06:31:54.119', 1),
('9961b83c-4a0c-4777-9f58-beaa4724b617', 'c772fea669808a5afaa1bc81f24712546d23f695ced447b3749b799946adad18', '2026-06-03 13:54:33.546', '20260603135432_init', NULL, NULL, '2026-06-03 13:54:32.658', 1),
('f94f31da-a955-457c-a3f8-3eda20585c71', '4b76880e486f7f2affd9b15bacb1d04a2458cc5689489152479e6c01926f1fa5', '2026-06-18 07:22:34.569', '20260618000000_user_status', NULL, NULL, '2026-06-18 07:22:34.543', 1);

--
-- Indexes for dumped tables
--

--
-- Indexes for table `coin`
--
ALTER TABLE `coin`
  ADD PRIMARY KEY (`id`),
  ADD UNIQUE KEY `Coin_symbol_key` (`symbol`),
  ADD UNIQUE KEY `Coin_binancePair_key` (`binancePair`),
  ADD UNIQUE KEY `Coin_coingeckoId_key` (`coingeckoId`);

--
-- Indexes for table `coinmarketdata`
--
ALTER TABLE `coinmarketdata`
  ADD PRIMARY KEY (`id`),
  ADD UNIQUE KEY `CoinMarketData_coinId_snapshotDate_key` (`coinId`,`snapshotDate`),
  ADD KEY `CoinMarketData_snapshotDate_idx` (`snapshotDate`);

--
-- Indexes for table `holding`
--
ALTER TABLE `holding`
  ADD PRIMARY KEY (`id`),
  ADD UNIQUE KEY `Holding_userId_coinId_key` (`userId`,`coinId`),
  ADD KEY `Holding_coinId_idx` (`coinId`);

--
-- Indexes for table `strategy`
--
ALTER TABLE `strategy`
  ADD PRIMARY KEY (`id`);

--
-- Indexes for table `trade`
--
ALTER TABLE `trade`
  ADD PRIMARY KEY (`id`),
  ADD KEY `Trade_userId_createdAt_idx` (`userId`,`createdAt`),
  ADD KEY `Trade_coinId_idx` (`coinId`);

--
-- Indexes for table `user`
--
ALTER TABLE `user`
  ADD PRIMARY KEY (`id`),
  ADD KEY `User_strategyId_idx` (`strategyId`);

--
-- Indexes for table `userdailyasset`
--
ALTER TABLE `userdailyasset`
  ADD PRIMARY KEY (`id`),
  ADD UNIQUE KEY `UserDailyAsset_userId_snapshotDate_key` (`userId`,`snapshotDate`),
  ADD KEY `UserDailyAsset_snapshotDate_idx` (`snapshotDate`);

--
-- Indexes for table `_prisma_migrations`
--
ALTER TABLE `_prisma_migrations`
  ADD PRIMARY KEY (`id`);

--
-- AUTO_INCREMENT for dumped tables
--

--
-- AUTO_INCREMENT for table `coin`
--
ALTER TABLE `coin`
  MODIFY `id` int(11) NOT NULL AUTO_INCREMENT, AUTO_INCREMENT=57;

--
-- AUTO_INCREMENT for table `coinmarketdata`
--
ALTER TABLE `coinmarketdata`
  MODIFY `id` int(11) NOT NULL AUTO_INCREMENT, AUTO_INCREMENT=3417;

--
-- Constraints for dumped tables
--

--
-- Constraints for table `coinmarketdata`
--
ALTER TABLE `coinmarketdata`
  ADD CONSTRAINT `CoinMarketData_coinId_fkey` FOREIGN KEY (`coinId`) REFERENCES `coin` (`id`) ON UPDATE CASCADE;

--
-- Constraints for table `holding`
--
ALTER TABLE `holding`
  ADD CONSTRAINT `Holding_coinId_fkey` FOREIGN KEY (`coinId`) REFERENCES `coin` (`id`) ON UPDATE CASCADE,
  ADD CONSTRAINT `Holding_userId_fkey` FOREIGN KEY (`userId`) REFERENCES `user` (`id`) ON UPDATE CASCADE;

--
-- Constraints for table `trade`
--
ALTER TABLE `trade`
  ADD CONSTRAINT `Trade_coinId_fkey` FOREIGN KEY (`coinId`) REFERENCES `coin` (`id`) ON UPDATE CASCADE,
  ADD CONSTRAINT `Trade_userId_fkey` FOREIGN KEY (`userId`) REFERENCES `user` (`id`) ON UPDATE CASCADE;

--
-- Constraints for table `user`
--
ALTER TABLE `user`
  ADD CONSTRAINT `User_strategyId_fkey` FOREIGN KEY (`strategyId`) REFERENCES `strategy` (`id`) ON DELETE SET NULL ON UPDATE CASCADE;

--
-- Constraints for table `userdailyasset`
--
ALTER TABLE `userdailyasset`
  ADD CONSTRAINT `UserDailyAsset_userId_fkey` FOREIGN KEY (`userId`) REFERENCES `user` (`id`) ON UPDATE CASCADE;
COMMIT;

/*!40101 SET CHARACTER_SET_CLIENT=@OLD_CHARACTER_SET_CLIENT */;
/*!40101 SET CHARACTER_SET_RESULTS=@OLD_CHARACTER_SET_RESULTS */;
/*!40101 SET COLLATION_CONNECTION=@OLD_COLLATION_CONNECTION */;
